row_id	influence	scope	classification	normative_rule	failure_or_non_effect	conformance_evidence
ENV-DOCUMENT-BYTES	root and included document bytes	LD-ROOT through CM-VALIDATE	explicit	Selected project tree and document paths are declared inputs with relocatable semantic identities.	Missing, unreadable, undecodable, or changed snapshotted bytes are errors.	Fixture manifest records every input path and SHA-256.
ENV-TARGET-DISTRO-VERSION	target distro and version	RM-TARGET	explicit	Exact ordered pair supplied by the requesting operation; no TOML or host default.	Missing or unresolved pair is an RM-TARGET error.	Manifest records both exact names.
ENV-TARGET-ARCHITECTURE	target architecture	resource, RPM-build, image, test, or custom-generator operation	explicit	Exact non-empty operation input constrained by the owning profile.	Missing required architecture is unsupported-operation before side effects.	Manifest omits the key to test absence; no sentinel value is defined.
ENV-HOST-ARCHITECTURE	host architecture	all phases	prohibited	MUST NOT be inspected as a substitute for target architecture.	Inspection that changes behavior invalidates the result.	Repeat fixture under conflicting reported host architectures.
ENV-LOCALE	locale and collation	all phases	fixed	Strict UTF-8 plus chapter-owned Unicode-scalar or UTF-8-byte comparison; no locale conversion.	Unsupported exact representation is an error.	Repeat fixture under conflicting LANG and LC_ALL.
ENV-TIMEZONE	timezone	all phases	fixed	UTC for a required canonical zone; declared offsets otherwise govern.	Host TZ cannot change a normative value.	Repeat fixture under conflicting TZ.
ENV-AMBIENT-WALL-CLOCK	ambient wall clock	core phases	prohibited	No current time input; source and archive timestamps are declared or fixed.	Clock-derived bytes, ordering, provenance, or classes invalidate the result.	Repeat fixture under conflicting clocks.
ENV-EVALUATION-INSTANT	evaluation instant	network and time-validity checks	explicit	RFC 3339 UTC instant frozen in the environmental-input record.	Missing input is an error before time-dependent access.	Manifest records the instant as a TOML offset date-time.
ENV-OPERATIONAL-PATHS	current working directory and absolute paths	all phases	irrelevant	Only semantic project-relative identities and declared path bases participate.	Path relocation cannot change required output.	Repeat fixture from distinct checkout and temporary roots.
ENV-USER-CONFIGURATION	HOME, XDG_CONFIG_HOME, and user configuration	all phases	prohibited	No implicit user override document, credential, macro, or tool setting.	Detected dependence invalidates the result.	Run with conflicting populated and empty homes.
ENV-PROCESS-ENVIRONMENT	process environment	core phases	prohibited	Empty semantic allowlist except fixed child values explicitly defined by a profile.	Undeclared variable dependence invalidates the result.	Manifest lists the permitted child environment, if any.
ENV-UMASK	host umask	core and profile-created files	fixed	Required modes are applied exactly; custom generator umask is 0022.	Host umask cannot change required modes.	Repeat fixture under at least two host umasks.
ENV-FILESYSTEM-SEMANTICS	filesystem case, normalization, and metadata	all phases	fixed	Exact Unicode names; chapter-defined modes and types; irrelevant timestamps, ownership, ACLs, and xattrs are ignored.	Inability to represent the exact namespace is an error.	Fixture covers exact-distinct spellings and mode normalization.
ENV-CONCURRENCY-IDENTITY	CPU count, concurrency, PID, and hostname	core phases	prohibited	Dependency order and sorted outputs are fixed; host scheduling state has no semantics.	Race-dependent result invalidates the operation.	Repeat serially and concurrently.
ENV-RANDOMNESS	randomness and entropy	core phases	prohibited	No random semantic input or output.	Random-derived required data invalidates the result.	Repeat fixture and compare exact outputs.
ENV-GIT-CONTEXT	Git configuration and history	core source acquisition	fixed	Exact verified commit tree is used; ambient Git config and current branch are ignored.	Missing exact object is an error.	Fixture identifies commit and expected tree records.
ENV-LIVE-NETWORK	live network responses	acquisition	external-failure	The frozen request contract and source state determine accepted bytes and selection. Live availability is not an environmental-record value.	DNS, connection, timeout, and server availability may produce only the owning typed external failure; the sole selection exception is lookaside 404 or 410.	Ordinary fixtures cover declared request construction, redirect policy, typed outcomes, and digest verification without standardizing external-operation replay.
ENV-NETWORK-CONTEXT	network policy, proxy selection, TLS trust, and deadlines	acquisition	explicit	Closed version-1 network context supplies proxy none/canonical origin, trust digest, and deadlines; ENV-EVALUATION-INSTANT is bound separately once and request-attempt count is owned only by ENV-RESOURCE-LIMITS.	Missing, malformed, duplicate-time, replay/adapter mode, or wrong-schema context is unsupported-operation or conformance failure before access.	Manifest uses an input: path reference to a parsed digest-declared context file.
ENV-CREDENTIALS	credentials	network and publishing	explicit	Opaque operation credential references with exact origin and purpose scope; never URI or model data.	Unavailable or disallowed credential produces authorization or security-policy failure.	Fixtures and reports contain references only, never secret values.
ENV-CACHE-STATE	cache contents and prior outputs	all phases	irrelevant	Cache entries are accepted only after immutable identity and byte verification; local artifact publication is atomic.	Stale cache is ignored or diagnosed and prior local output remains unchanged.	Run with empty, warm, and poisoned caches.
ENV-RPM-MACRO-CONTEXT	RPM macro context	RPM-build operation	explicit	Complete macro map and undefined-name set; build.defines and build.undefines are applied exactly.	Missing context is unsupported-operation; host RPM macros are prohibited.	Manifest uses an input: path reference to a digest-declared context file.
ENV-TOOLCHAIN	RPM or image toolchain	RPM-build and image operations	explicit	Immutable toolchain/package or image manifest supplied by the operation.	Missing manifest is unsupported-operation.	Evidence records manifest digest; final RPM/image reproducibility is not claimed.
ENV-REPOSITORY-PACKAGE-STATE	repository and package state	resource-consuming and custom-generator operations	explicit	Immutable remote/local GPG-key bindings, selected package identities for package-manager operations, and declared mock-package names for custom generators are explicit.	Unpinned key bytes, mutable live key replacement, rejected key material, or unavailable declared packages fail before repository use or generator execution.	Manifest records repository and package-set digests plus local key path provenance; generator fixtures record declared names.
ENV-CUSTOM-GENERATOR	custom-generator isolation	custom-source-generation operation	explicit	Declared inputs and mock-package names, implementation-specific isolation availability, default-deny network, semantic output shape, and configured output hash are explicit.	Unavailable isolation/package inputs, undeclared input or network access, invalid output, or hash mismatch fails the operation.	Fixture records declared names, isolation availability, network attempts, semantic output, limits, and output-hash expectations.
ENV-RESOURCE-LIMITS	resource limits	archive, network, publishing, and executable profile operations	explicit	Frozen byte, entry, path, redirect, process, memory, and time ceilings plus the sole request/publication-attempt limit are supplied before access; revision 0.1 requires request-attempts = 1.	Limit exhaustion is an error with no truncation or partial output, and a second request or publication attempt is non-conforming.	Manifest uses an input: path reference to a parsed digest-declared resource-limits document.
ENV-IMPLEMENTATION-CHOICE	external library or tool choice	core algorithms	irrelevant	Implementation choice must implement the chapter-defined algorithm exactly.	Divergent success, bytes, ordering, or class is non-conforming.	Cross-implementation fixtures compare semantic and byte expectations.
