path	disposition	contract
$schema	excluded/deferred	compatibility.md#excluded-deferred-and-compatibility-fields
project	core	project.md#project
project.description	core	project.md#project
project.log-dir	excluded/deferred	project.md#project
project.work-dir	excluded/deferred	project.md#project
project.output-dir	excluded/deferred	project.md#project
project.rendered-specs-dir	excluded/deferred	project.md#project
project.lock-dir	excluded/deferred	project.md#project
project.default-distro	core	project.md#project
project.default-distro.name	core	project.md#project
project.default-distro.version	core	project.md#project
project.default-distro.snapshot	core	project.md#project
project.default-author-email	core	project.md#project
includes	core	loading.md#the-includes-directive
includes[]	core	loading.md#the-includes-directive
distros	core	distros.md#distro-fields
distros.<key>	core	distros.md#distro-fields
distros.<key>.description	core	distros.md#distro-fields
distros.<key>.default-version	core	distros.md#distro-fields
distros.<key>.dist-git-base-uri	core	distros.md#distro-fields
distros.<key>.lookaside-base-uri	core	distros.md#distro-fields
distros.<key>.repos	rpm-build-profile	resources.md#resources-and-repository-inputs
distros.<key>.repos[]	rpm-build-profile	resources.md#resources-and-repository-inputs
distros.<key>.repos[].base-uri	rpm-build-profile	resources.md#resources-and-repository-inputs
distros.<key>.disable-origins	core	distros.md#distro-fields
distros.<key>.versions	core	distros.md#distro-fields
distros.<key>.versions.<key>	core	distros.md#version-fields
distros.<key>.versions.<key>.description	core	distros.md#version-fields
distros.<key>.versions.<key>.release-ver	core	distros.md#version-fields
distros.<key>.versions.<key>.dist-git-branch	core	distros.md#version-fields
distros.<key>.versions.<key>.default-component-config	core	components.md#componentconfig-fields
distros.<key>.versions.<key>.default-component-config.spec	core	sources.md#upstream-component-source
distros.<key>.versions.<key>.default-component-config.spec.type	core	sources.md#upstream-component-source
distros.<key>.versions.<key>.default-component-config.spec.path	core	sources.md#upstream-component-source
distros.<key>.versions.<key>.default-component-config.spec.upstream-distro	core	sources.md#upstream-component-source
distros.<key>.versions.<key>.default-component-config.spec.upstream-distro.name	core	sources.md#upstream-component-source
distros.<key>.versions.<key>.default-component-config.spec.upstream-distro.version	core	sources.md#upstream-component-source
distros.<key>.versions.<key>.default-component-config.spec.upstream-distro.snapshot	core	sources.md#upstream-component-source
distros.<key>.versions.<key>.default-component-config.spec.upstream-name	core	sources.md#upstream-component-source
distros.<key>.versions.<key>.default-component-config.spec.upstream-commit	core	sources.md#upstream-component-source
distros.<key>.versions.<key>.default-component-config.release	rpm-build-profile	components.md#release-calculation
distros.<key>.versions.<key>.default-component-config.release.calculation	rpm-build-profile	components.md#release-calculation
distros.<key>.versions.<key>.default-component-config.overlays	core	overlays.md#overlay-sequences-and-files
distros.<key>.versions.<key>.default-component-config.overlays[]	core	overlays.md#common-overlay-field-contracts
distros.<key>.versions.<key>.default-component-config.overlays[].type	core	overlays.md#common-overlay-field-contracts
distros.<key>.versions.<key>.default-component-config.overlays[].description	core	overlays.md#common-overlay-field-contracts
distros.<key>.versions.<key>.default-component-config.overlays[].file	core	overlays.md#common-overlay-field-contracts
distros.<key>.versions.<key>.default-component-config.overlays[].archive	core	overlays.md#common-overlay-field-contracts
distros.<key>.versions.<key>.default-component-config.overlays[].section	core	overlays.md#common-overlay-field-contracts
distros.<key>.versions.<key>.default-component-config.overlays[].package	core	overlays.md#common-overlay-field-contracts
distros.<key>.versions.<key>.default-component-config.overlays[].tag	core	overlays.md#common-overlay-field-contracts
distros.<key>.versions.<key>.default-component-config.overlays[].value	core	overlays.md#common-overlay-field-contracts
distros.<key>.versions.<key>.default-component-config.overlays[].regex	core	overlays.md#common-overlay-field-contracts
distros.<key>.versions.<key>.default-component-config.overlays[].replacement	core	overlays.md#common-overlay-field-contracts
distros.<key>.versions.<key>.default-component-config.overlays[].lines	core	overlays.md#common-overlay-field-contracts
distros.<key>.versions.<key>.default-component-config.overlays[].lines[]	core	overlays.md#common-overlay-field-contracts
distros.<key>.versions.<key>.default-component-config.overlays[].source	core	overlays.md#common-overlay-field-contracts
distros.<key>.versions.<key>.default-component-config.overlays[].metadata	core	overlays.md#overlay-metadata
distros.<key>.versions.<key>.default-component-config.overlays[].metadata.category	core	overlays.md#overlay-metadata
distros.<key>.versions.<key>.default-component-config.overlays[].metadata.commits	core	overlays.md#overlay-metadata
distros.<key>.versions.<key>.default-component-config.overlays[].metadata.commits[]	core	overlays.md#overlay-metadata
distros.<key>.versions.<key>.default-component-config.overlays[].metadata.commits[].url	core	overlays.md#overlay-metadata
distros.<key>.versions.<key>.default-component-config.overlays[].metadata.bugs	core	overlays.md#overlay-metadata
distros.<key>.versions.<key>.default-component-config.overlays[].metadata.bugs[]	core	overlays.md#overlay-metadata
distros.<key>.versions.<key>.default-component-config.overlays[].metadata.bugs[].url	core	overlays.md#overlay-metadata
distros.<key>.versions.<key>.default-component-config.overlays[].metadata.upstream-status	core	overlays.md#overlay-metadata
distros.<key>.versions.<key>.default-component-config.overlay-files	core	overlays.md#overlay-sequences-and-files
distros.<key>.versions.<key>.default-component-config.overlay-files[]	core	overlays.md#overlay-sequences-and-files
distros.<key>.versions.<key>.default-component-config.build	rpm-build-profile	build.md#build-configuration
distros.<key>.versions.<key>.default-component-config.build.with	rpm-build-profile	build.md#build-configuration
distros.<key>.versions.<key>.default-component-config.build.with[]	rpm-build-profile	build.md#build-configuration
distros.<key>.versions.<key>.default-component-config.build.without	rpm-build-profile	build.md#build-configuration
distros.<key>.versions.<key>.default-component-config.build.without[]	rpm-build-profile	build.md#build-configuration
distros.<key>.versions.<key>.default-component-config.build.defines	rpm-build-profile	build.md#build-configuration
distros.<key>.versions.<key>.default-component-config.build.defines.<key>	rpm-build-profile	build.md#build-configuration
distros.<key>.versions.<key>.default-component-config.build.undefines	rpm-build-profile	build.md#build-configuration
distros.<key>.versions.<key>.default-component-config.build.undefines[]	rpm-build-profile	build.md#build-configuration
distros.<key>.versions.<key>.default-component-config.build.emit-upstream-provenance	rpm-build-profile	build.md#build-configuration
distros.<key>.versions.<key>.default-component-config.build.check	rpm-build-profile	build.md#build-configuration
distros.<key>.versions.<key>.default-component-config.build.check.skip	rpm-build-profile	build.md#build-configuration
distros.<key>.versions.<key>.default-component-config.build.check.skip_reason	excluded/noncanonical-spelling	build.md#build-configuration
distros.<key>.versions.<key>.default-component-config.build.failure	excluded/deferred	build.md#build-configuration
distros.<key>.versions.<key>.default-component-config.build.failure.expected	excluded/deferred	build.md#build-configuration
distros.<key>.versions.<key>.default-component-config.build.failure.expected-reason	excluded/deferred	build.md#build-configuration
distros.<key>.versions.<key>.default-component-config.build.hints	excluded/deferred	build.md#build-configuration
distros.<key>.versions.<key>.default-component-config.build.hints.expensive	excluded/deferred	build.md#build-configuration
distros.<key>.versions.<key>.default-component-config.render	excluded/deferred	build.md#render-configuration-disposition
distros.<key>.versions.<key>.default-component-config.render.skip-file-filter	excluded/deferred	build.md#render-configuration-disposition
distros.<key>.versions.<key>.default-component-config.source-files	core	sources.md#source-artifact-field-contracts
distros.<key>.versions.<key>.default-component-config.source-files[]	core	sources.md#source-artifact-field-contracts
distros.<key>.versions.<key>.default-component-config.source-files[].filename	core	sources.md#source-artifact-field-contracts
distros.<key>.versions.<key>.default-component-config.source-files[].hash	core	sources.md#source-artifact-field-contracts
distros.<key>.versions.<key>.default-component-config.source-files[].hash-type	core	sources.md#source-artifact-field-contracts
distros.<key>.versions.<key>.default-component-config.source-files[].origin	core	sources.md#source-artifact-field-contracts
distros.<key>.versions.<key>.default-component-config.source-files[].origin.type	core/custom-source-generation-profile split	sources.md#source-artifact-field-contracts
distros.<key>.versions.<key>.default-component-config.source-files[].origin.uri	core	sources.md#source-artifact-field-contracts
distros.<key>.versions.<key>.default-component-config.source-files[].origin.script	custom-source-generation-profile	sources.md#source-artifact-field-contracts
distros.<key>.versions.<key>.default-component-config.source-files[].origin.mock-packages	custom-source-generation-profile	sources.md#source-artifact-field-contracts
distros.<key>.versions.<key>.default-component-config.source-files[].origin.mock-packages[]	custom-source-generation-profile	sources.md#source-artifact-field-contracts
distros.<key>.versions.<key>.default-component-config.source-files[].origin.inputs	custom-source-generation-profile	sources.md#source-artifact-field-contracts
distros.<key>.versions.<key>.default-component-config.source-files[].origin.inputs[]	custom-source-generation-profile	sources.md#source-artifact-field-contracts
distros.<key>.versions.<key>.default-component-config.source-files[].replace-upstream	core	sources.md#source-artifact-field-contracts
distros.<key>.versions.<key>.default-component-config.source-files[].replace-reason	core	sources.md#source-artifact-field-contracts
distros.<key>.versions.<key>.default-component-config.packages	publishing-profile	packages.md#package-inheritance-and-groups
distros.<key>.versions.<key>.default-component-config.packages.<key>	publishing-profile	packages.md#package-inheritance-and-groups
distros.<key>.versions.<key>.default-component-config.packages.<key>.publish	publishing-profile	packages.md#publish-fields
distros.<key>.versions.<key>.default-component-config.packages.<key>.publish.rpm-channel	publishing-profile	packages.md#publish-fields
distros.<key>.versions.<key>.default-component-config.packages.<key>.publish.debuginfo-channel	publishing-profile	packages.md#publish-fields
distros.<key>.versions.<key>.default-component-config.packages.<key>.publish.channel	deprecated/publishing-profile	packages.md#publish-fields
distros.<key>.versions.<key>.default-component-config.publish	publishing-profile	packages.md#publish-fields
distros.<key>.versions.<key>.default-component-config.publish.rpm-channel	publishing-profile	packages.md#publish-fields
distros.<key>.versions.<key>.default-component-config.publish.srpm-channel	publishing-profile	packages.md#publish-fields
distros.<key>.versions.<key>.default-component-config.publish.debuginfo-channel	publishing-profile	packages.md#publish-fields
distros.<key>.versions.<key>.default-component-config.tests	test-profile	tests.md#test-references
distros.<key>.versions.<key>.default-component-config.tests.tests	test-profile	tests.md#test-references
distros.<key>.versions.<key>.default-component-config.tests.tests[]	test-profile	tests.md#test-references
distros.<key>.versions.<key>.default-component-config.tests.tests[].name	test-profile	tests.md#test-references
distros.<key>.versions.<key>.default-component-config.tests.tests[].group	test-profile	tests.md#test-references
distros.<key>.versions.<key>.mock-config	rpm-build-profile	distros.md#version-fields
distros.<key>.versions.<key>.mock-config-x86_64	rpm-build-profile	distros.md#version-fields
distros.<key>.versions.<key>.mock-config-aarch64	rpm-build-profile	distros.md#version-fields
distros.<key>.versions.<key>.kiwi-config-override	image-profile	images.md#image-profile
distros.<key>.versions.<key>.inputs	rpm-build-profile/image-profile	resources.md#distro-version-inputs
distros.<key>.versions.<key>.inputs.rpm-build	rpm-build-profile	resources.md#distro-version-inputs
distros.<key>.versions.<key>.inputs.rpm-build[]	rpm-build-profile	resources.md#distro-version-inputs
distros.<key>.versions.<key>.inputs.rpm-build[].repo	rpm-build-profile	resources.md#distro-version-inputs
distros.<key>.versions.<key>.inputs.rpm-build[].set	rpm-build-profile	resources.md#distro-version-inputs
distros.<key>.versions.<key>.inputs.image-build	image-profile	resources.md#distro-version-inputs
distros.<key>.versions.<key>.inputs.image-build[]	image-profile	resources.md#distro-version-inputs
distros.<key>.versions.<key>.inputs.image-build[].repo	image-profile	resources.md#distro-version-inputs
distros.<key>.versions.<key>.inputs.image-build[].set	image-profile	resources.md#distro-version-inputs
resources	rpm-build-profile/image-profile	resources.md#rpm-repository-resources
resources.rpm-repos	rpm-build-profile/image-profile	resources.md#rpm-repository-resources
resources.rpm-repos.<key>	rpm-build-profile/image-profile	resources.md#rpm-repository-resources
resources.rpm-repos.<key>.description	rpm-build-profile/image-profile	resources.md#rpm-repository-resources
resources.rpm-repos.<key>.type	rpm-build-profile/image-profile	resources.md#rpm-repository-resources
resources.rpm-repos.<key>.base-uri	rpm-build-profile/image-profile	resources.md#rpm-repository-resources
resources.rpm-repos.<key>.metalink	rpm-build-profile/image-profile	resources.md#rpm-repository-resources
resources.rpm-repos.<key>.disable-gpg-check	rpm-build-profile/image-profile	resources.md#rpm-repository-resources
resources.rpm-repos.<key>.gpg-key	rpm-build-profile/image-profile	resources.md#rpm-repository-resources
resources.rpm-repos.<key>.arches	rpm-build-profile/image-profile	resources.md#rpm-repository-resources
resources.rpm-repos.<key>.arches[]	rpm-build-profile/image-profile	resources.md#rpm-repository-resources
resources.rpm-repo-set-templates	rpm-build-profile/image-profile	resources.md#repository-set-templates
resources.rpm-repo-set-templates.<key>	rpm-build-profile/image-profile	resources.md#repository-set-templates
resources.rpm-repo-set-templates.<key>.description	rpm-build-profile/image-profile	resources.md#repository-set-templates
resources.rpm-repo-set-templates.<key>.subrepos	rpm-build-profile/image-profile	resources.md#repository-set-templates
resources.rpm-repo-set-templates.<key>.subrepos[]	rpm-build-profile/image-profile	resources.md#repository-set-templates
resources.rpm-repo-set-templates.<key>.subrepos[].name	rpm-build-profile/image-profile	resources.md#repository-set-templates
resources.rpm-repo-set-templates.<key>.subrepos[].subpath	rpm-build-profile/image-profile	resources.md#repository-set-templates
resources.rpm-repo-set-templates.<key>.subrepos[].kind	rpm-build-profile/image-profile	resources.md#repository-set-templates
resources.rpm-repo-sets	rpm-build-profile/image-profile	resources.md#repository-sets
resources.rpm-repo-sets.<key>	rpm-build-profile/image-profile	resources.md#repository-sets
resources.rpm-repo-sets.<key>.description	rpm-build-profile/image-profile	resources.md#repository-sets
resources.rpm-repo-sets.<key>.template	rpm-build-profile/image-profile	resources.md#repository-sets
resources.rpm-repo-sets.<key>.base-uri	rpm-build-profile/image-profile	resources.md#repository-sets
resources.rpm-repo-sets.<key>.name-prefix	rpm-build-profile/image-profile	resources.md#repository-sets
resources.rpm-repo-sets.<key>.gpg-key	rpm-build-profile/image-profile	resources.md#repository-sets
resources.rpm-repo-sets.<key>.disable-gpg-check	rpm-build-profile/image-profile	resources.md#repository-sets
resources.rpm-repo-sets.<key>.disable-ssl-verify	rpm-build-profile/image-profile	resources.md#repository-sets
resources.rpm-repo-sets.<key>.arches	rpm-build-profile/image-profile	resources.md#repository-sets
resources.rpm-repo-sets.<key>.arches[]	rpm-build-profile/image-profile	resources.md#repository-sets
resources.rpm-repo-sets.<key>.subrepos	rpm-build-profile/image-profile	resources.md#repository-sets
resources.rpm-repo-sets.<key>.subrepos[]	rpm-build-profile/image-profile	resources.md#repository-sets
component-groups	core	component_groups.md#component-groups-and-discovery
component-groups.<key>	core	component_groups.md#component-groups-and-discovery
component-groups.<key>.description	core	component_groups.md#component-groups-and-discovery
component-groups.<key>.metadata	core	overlays.md#overlay-metadata
component-groups.<key>.metadata.category	core	overlays.md#overlay-metadata
component-groups.<key>.metadata.commits	core	overlays.md#overlay-metadata
component-groups.<key>.metadata.commits[]	core	overlays.md#overlay-metadata
component-groups.<key>.metadata.commits[].url	core	overlays.md#overlay-metadata
component-groups.<key>.metadata.bugs	core	overlays.md#overlay-metadata
component-groups.<key>.metadata.bugs[]	core	overlays.md#overlay-metadata
component-groups.<key>.metadata.bugs[].url	core	overlays.md#overlay-metadata
component-groups.<key>.metadata.upstream-status	core	overlays.md#overlay-metadata
component-groups.<key>.components	core	component_groups.md#component-groups-and-discovery
component-groups.<key>.components[]	core	component_groups.md#component-groups-and-discovery
component-groups.<key>.specs	core	component_groups.md#component-groups-and-discovery
component-groups.<key>.specs[]	core	component_groups.md#component-groups-and-discovery
component-groups.<key>.excluded-paths	core	component_groups.md#component-groups-and-discovery
component-groups.<key>.excluded-paths[]	core	component_groups.md#component-groups-and-discovery
component-groups.<key>.default-component-config	core	components.md#componentconfig-fields
component-groups.<key>.default-component-config.spec	core	sources.md#upstream-component-source
component-groups.<key>.default-component-config.spec.type	core	sources.md#upstream-component-source
component-groups.<key>.default-component-config.spec.path	core	sources.md#upstream-component-source
component-groups.<key>.default-component-config.spec.upstream-distro	core	sources.md#upstream-component-source
component-groups.<key>.default-component-config.spec.upstream-distro.name	core	sources.md#upstream-component-source
component-groups.<key>.default-component-config.spec.upstream-distro.version	core	sources.md#upstream-component-source
component-groups.<key>.default-component-config.spec.upstream-distro.snapshot	core	sources.md#upstream-component-source
component-groups.<key>.default-component-config.spec.upstream-name	core	sources.md#upstream-component-source
component-groups.<key>.default-component-config.spec.upstream-commit	core	sources.md#upstream-component-source
component-groups.<key>.default-component-config.release	rpm-build-profile	components.md#release-calculation
component-groups.<key>.default-component-config.release.calculation	rpm-build-profile	components.md#release-calculation
component-groups.<key>.default-component-config.overlays	core	overlays.md#overlay-sequences-and-files
component-groups.<key>.default-component-config.overlays[]	core	overlays.md#common-overlay-field-contracts
component-groups.<key>.default-component-config.overlays[].type	core	overlays.md#common-overlay-field-contracts
component-groups.<key>.default-component-config.overlays[].description	core	overlays.md#common-overlay-field-contracts
component-groups.<key>.default-component-config.overlays[].file	core	overlays.md#common-overlay-field-contracts
component-groups.<key>.default-component-config.overlays[].archive	core	overlays.md#common-overlay-field-contracts
component-groups.<key>.default-component-config.overlays[].section	core	overlays.md#common-overlay-field-contracts
component-groups.<key>.default-component-config.overlays[].package	core	overlays.md#common-overlay-field-contracts
component-groups.<key>.default-component-config.overlays[].tag	core	overlays.md#common-overlay-field-contracts
component-groups.<key>.default-component-config.overlays[].value	core	overlays.md#common-overlay-field-contracts
component-groups.<key>.default-component-config.overlays[].regex	core	overlays.md#common-overlay-field-contracts
component-groups.<key>.default-component-config.overlays[].replacement	core	overlays.md#common-overlay-field-contracts
component-groups.<key>.default-component-config.overlays[].lines	core	overlays.md#common-overlay-field-contracts
component-groups.<key>.default-component-config.overlays[].lines[]	core	overlays.md#common-overlay-field-contracts
component-groups.<key>.default-component-config.overlays[].source	core	overlays.md#common-overlay-field-contracts
component-groups.<key>.default-component-config.overlays[].metadata	core	overlays.md#overlay-metadata
component-groups.<key>.default-component-config.overlays[].metadata.category	core	overlays.md#overlay-metadata
component-groups.<key>.default-component-config.overlays[].metadata.commits	core	overlays.md#overlay-metadata
component-groups.<key>.default-component-config.overlays[].metadata.commits[]	core	overlays.md#overlay-metadata
component-groups.<key>.default-component-config.overlays[].metadata.commits[].url	core	overlays.md#overlay-metadata
component-groups.<key>.default-component-config.overlays[].metadata.bugs	core	overlays.md#overlay-metadata
component-groups.<key>.default-component-config.overlays[].metadata.bugs[]	core	overlays.md#overlay-metadata
component-groups.<key>.default-component-config.overlays[].metadata.bugs[].url	core	overlays.md#overlay-metadata
component-groups.<key>.default-component-config.overlays[].metadata.upstream-status	core	overlays.md#overlay-metadata
component-groups.<key>.default-component-config.overlay-files	core	overlays.md#overlay-sequences-and-files
component-groups.<key>.default-component-config.overlay-files[]	core	overlays.md#overlay-sequences-and-files
component-groups.<key>.default-component-config.build	rpm-build-profile	build.md#build-configuration
component-groups.<key>.default-component-config.build.with	rpm-build-profile	build.md#build-configuration
component-groups.<key>.default-component-config.build.with[]	rpm-build-profile	build.md#build-configuration
component-groups.<key>.default-component-config.build.without	rpm-build-profile	build.md#build-configuration
component-groups.<key>.default-component-config.build.without[]	rpm-build-profile	build.md#build-configuration
component-groups.<key>.default-component-config.build.defines	rpm-build-profile	build.md#build-configuration
component-groups.<key>.default-component-config.build.defines.<key>	rpm-build-profile	build.md#build-configuration
component-groups.<key>.default-component-config.build.undefines	rpm-build-profile	build.md#build-configuration
component-groups.<key>.default-component-config.build.undefines[]	rpm-build-profile	build.md#build-configuration
component-groups.<key>.default-component-config.build.emit-upstream-provenance	rpm-build-profile	build.md#build-configuration
component-groups.<key>.default-component-config.build.check	rpm-build-profile	build.md#build-configuration
component-groups.<key>.default-component-config.build.check.skip	rpm-build-profile	build.md#build-configuration
component-groups.<key>.default-component-config.build.check.skip_reason	excluded/noncanonical-spelling	build.md#build-configuration
component-groups.<key>.default-component-config.build.failure	excluded/deferred	build.md#build-configuration
component-groups.<key>.default-component-config.build.failure.expected	excluded/deferred	build.md#build-configuration
component-groups.<key>.default-component-config.build.failure.expected-reason	excluded/deferred	build.md#build-configuration
component-groups.<key>.default-component-config.build.hints	excluded/deferred	build.md#build-configuration
component-groups.<key>.default-component-config.build.hints.expensive	excluded/deferred	build.md#build-configuration
component-groups.<key>.default-component-config.render	excluded/deferred	build.md#render-configuration-disposition
component-groups.<key>.default-component-config.render.skip-file-filter	excluded/deferred	build.md#render-configuration-disposition
component-groups.<key>.default-component-config.source-files	core	sources.md#source-artifact-field-contracts
component-groups.<key>.default-component-config.source-files[]	core	sources.md#source-artifact-field-contracts
component-groups.<key>.default-component-config.source-files[].filename	core	sources.md#source-artifact-field-contracts
component-groups.<key>.default-component-config.source-files[].hash	core	sources.md#source-artifact-field-contracts
component-groups.<key>.default-component-config.source-files[].hash-type	core	sources.md#source-artifact-field-contracts
component-groups.<key>.default-component-config.source-files[].origin	core	sources.md#source-artifact-field-contracts
component-groups.<key>.default-component-config.source-files[].origin.type	core/custom-source-generation-profile split	sources.md#source-artifact-field-contracts
component-groups.<key>.default-component-config.source-files[].origin.uri	core	sources.md#source-artifact-field-contracts
component-groups.<key>.default-component-config.source-files[].origin.script	custom-source-generation-profile	sources.md#source-artifact-field-contracts
component-groups.<key>.default-component-config.source-files[].origin.mock-packages	custom-source-generation-profile	sources.md#source-artifact-field-contracts
component-groups.<key>.default-component-config.source-files[].origin.mock-packages[]	custom-source-generation-profile	sources.md#source-artifact-field-contracts
component-groups.<key>.default-component-config.source-files[].origin.inputs	custom-source-generation-profile	sources.md#source-artifact-field-contracts
component-groups.<key>.default-component-config.source-files[].origin.inputs[]	custom-source-generation-profile	sources.md#source-artifact-field-contracts
component-groups.<key>.default-component-config.source-files[].replace-upstream	core	sources.md#source-artifact-field-contracts
component-groups.<key>.default-component-config.source-files[].replace-reason	core	sources.md#source-artifact-field-contracts
component-groups.<key>.default-component-config.packages	publishing-profile	packages.md#package-inheritance-and-groups
component-groups.<key>.default-component-config.packages.<key>	publishing-profile	packages.md#package-inheritance-and-groups
component-groups.<key>.default-component-config.packages.<key>.publish	publishing-profile	packages.md#publish-fields
component-groups.<key>.default-component-config.packages.<key>.publish.rpm-channel	publishing-profile	packages.md#publish-fields
component-groups.<key>.default-component-config.packages.<key>.publish.debuginfo-channel	publishing-profile	packages.md#publish-fields
component-groups.<key>.default-component-config.packages.<key>.publish.channel	deprecated/publishing-profile	packages.md#publish-fields
component-groups.<key>.default-component-config.publish	publishing-profile	packages.md#publish-fields
component-groups.<key>.default-component-config.publish.rpm-channel	publishing-profile	packages.md#publish-fields
component-groups.<key>.default-component-config.publish.srpm-channel	publishing-profile	packages.md#publish-fields
component-groups.<key>.default-component-config.publish.debuginfo-channel	publishing-profile	packages.md#publish-fields
component-groups.<key>.default-component-config.tests	test-profile	tests.md#test-references
component-groups.<key>.default-component-config.tests.tests	test-profile	tests.md#test-references
component-groups.<key>.default-component-config.tests.tests[]	test-profile	tests.md#test-references
component-groups.<key>.default-component-config.tests.tests[].name	test-profile	tests.md#test-references
component-groups.<key>.default-component-config.tests.tests[].group	test-profile	tests.md#test-references
components	core	components.md#components
components.<key>	core	components.md#componentconfig-fields
components.<key>.spec	core	sources.md#upstream-component-source
components.<key>.spec.type	core	sources.md#upstream-component-source
components.<key>.spec.path	core	sources.md#upstream-component-source
components.<key>.spec.upstream-distro	core	sources.md#upstream-component-source
components.<key>.spec.upstream-distro.name	core	sources.md#upstream-component-source
components.<key>.spec.upstream-distro.version	core	sources.md#upstream-component-source
components.<key>.spec.upstream-distro.snapshot	core	sources.md#upstream-component-source
components.<key>.spec.upstream-name	core	sources.md#upstream-component-source
components.<key>.spec.upstream-commit	core	sources.md#upstream-component-source
components.<key>.release	rpm-build-profile	components.md#release-calculation
components.<key>.release.calculation	rpm-build-profile	components.md#release-calculation
components.<key>.overlays	core	overlays.md#overlay-sequences-and-files
components.<key>.overlays[]	core	overlays.md#common-overlay-field-contracts
components.<key>.overlays[].type	core	overlays.md#common-overlay-field-contracts
components.<key>.overlays[].description	core	overlays.md#common-overlay-field-contracts
components.<key>.overlays[].file	core	overlays.md#common-overlay-field-contracts
components.<key>.overlays[].archive	core	overlays.md#common-overlay-field-contracts
components.<key>.overlays[].section	core	overlays.md#common-overlay-field-contracts
components.<key>.overlays[].package	core	overlays.md#common-overlay-field-contracts
components.<key>.overlays[].tag	core	overlays.md#common-overlay-field-contracts
components.<key>.overlays[].value	core	overlays.md#common-overlay-field-contracts
components.<key>.overlays[].regex	core	overlays.md#common-overlay-field-contracts
components.<key>.overlays[].replacement	core	overlays.md#common-overlay-field-contracts
components.<key>.overlays[].lines	core	overlays.md#common-overlay-field-contracts
components.<key>.overlays[].lines[]	core	overlays.md#common-overlay-field-contracts
components.<key>.overlays[].source	core	overlays.md#common-overlay-field-contracts
components.<key>.overlays[].metadata	core	overlays.md#overlay-metadata
components.<key>.overlays[].metadata.category	core	overlays.md#overlay-metadata
components.<key>.overlays[].metadata.commits	core	overlays.md#overlay-metadata
components.<key>.overlays[].metadata.commits[]	core	overlays.md#overlay-metadata
components.<key>.overlays[].metadata.commits[].url	core	overlays.md#overlay-metadata
components.<key>.overlays[].metadata.bugs	core	overlays.md#overlay-metadata
components.<key>.overlays[].metadata.bugs[]	core	overlays.md#overlay-metadata
components.<key>.overlays[].metadata.bugs[].url	core	overlays.md#overlay-metadata
components.<key>.overlays[].metadata.upstream-status	core	overlays.md#overlay-metadata
components.<key>.overlay-files	core	overlays.md#overlay-sequences-and-files
components.<key>.overlay-files[]	core	overlays.md#overlay-sequences-and-files
components.<key>.build	rpm-build-profile	build.md#build-configuration
components.<key>.build.with	rpm-build-profile	build.md#build-configuration
components.<key>.build.with[]	rpm-build-profile	build.md#build-configuration
components.<key>.build.without	rpm-build-profile	build.md#build-configuration
components.<key>.build.without[]	rpm-build-profile	build.md#build-configuration
components.<key>.build.defines	rpm-build-profile	build.md#build-configuration
components.<key>.build.defines.<key>	rpm-build-profile	build.md#build-configuration
components.<key>.build.undefines	rpm-build-profile	build.md#build-configuration
components.<key>.build.undefines[]	rpm-build-profile	build.md#build-configuration
components.<key>.build.emit-upstream-provenance	rpm-build-profile	build.md#build-configuration
components.<key>.build.check	rpm-build-profile	build.md#build-configuration
components.<key>.build.check.skip	rpm-build-profile	build.md#build-configuration
components.<key>.build.check.skip_reason	excluded/noncanonical-spelling	build.md#build-configuration
components.<key>.build.failure	excluded/deferred	build.md#build-configuration
components.<key>.build.failure.expected	excluded/deferred	build.md#build-configuration
components.<key>.build.failure.expected-reason	excluded/deferred	build.md#build-configuration
components.<key>.build.hints	excluded/deferred	build.md#build-configuration
components.<key>.build.hints.expensive	excluded/deferred	build.md#build-configuration
components.<key>.render	excluded/deferred	build.md#render-configuration-disposition
components.<key>.render.skip-file-filter	excluded/deferred	build.md#render-configuration-disposition
components.<key>.source-files	core	sources.md#source-artifact-field-contracts
components.<key>.source-files[]	core	sources.md#source-artifact-field-contracts
components.<key>.source-files[].filename	core	sources.md#source-artifact-field-contracts
components.<key>.source-files[].hash	core	sources.md#source-artifact-field-contracts
components.<key>.source-files[].hash-type	core	sources.md#source-artifact-field-contracts
components.<key>.source-files[].origin	core	sources.md#source-artifact-field-contracts
components.<key>.source-files[].origin.type	core/custom-source-generation-profile split	sources.md#source-artifact-field-contracts
components.<key>.source-files[].origin.uri	core	sources.md#source-artifact-field-contracts
components.<key>.source-files[].origin.script	custom-source-generation-profile	sources.md#source-artifact-field-contracts
components.<key>.source-files[].origin.mock-packages	custom-source-generation-profile	sources.md#source-artifact-field-contracts
components.<key>.source-files[].origin.mock-packages[]	custom-source-generation-profile	sources.md#source-artifact-field-contracts
components.<key>.source-files[].origin.inputs	custom-source-generation-profile	sources.md#source-artifact-field-contracts
components.<key>.source-files[].origin.inputs[]	custom-source-generation-profile	sources.md#source-artifact-field-contracts
components.<key>.source-files[].replace-upstream	core	sources.md#source-artifact-field-contracts
components.<key>.source-files[].replace-reason	core	sources.md#source-artifact-field-contracts
components.<key>.packages	publishing-profile	packages.md#package-inheritance-and-groups
components.<key>.packages.<key>	publishing-profile	packages.md#package-inheritance-and-groups
components.<key>.packages.<key>.publish	publishing-profile	packages.md#publish-fields
components.<key>.packages.<key>.publish.rpm-channel	publishing-profile	packages.md#publish-fields
components.<key>.packages.<key>.publish.debuginfo-channel	publishing-profile	packages.md#publish-fields
components.<key>.packages.<key>.publish.channel	deprecated/publishing-profile	packages.md#publish-fields
components.<key>.publish	publishing-profile	packages.md#publish-fields
components.<key>.publish.rpm-channel	publishing-profile	packages.md#publish-fields
components.<key>.publish.srpm-channel	publishing-profile	packages.md#publish-fields
components.<key>.publish.debuginfo-channel	publishing-profile	packages.md#publish-fields
components.<key>.tests	test-profile	tests.md#test-references
components.<key>.tests.tests	test-profile	tests.md#test-references
components.<key>.tests.tests[]	test-profile	tests.md#test-references
components.<key>.tests.tests[].name	test-profile	tests.md#test-references
components.<key>.tests.tests[].group	test-profile	tests.md#test-references
images	image-profile	images.md#image-profile
images.<key>	image-profile	images.md#image-profile
images.<key>.description	image-profile	images.md#image-profile
images.<key>.definition	image-profile	images.md#image-profile
images.<key>.definition.type	image-profile	images.md#image-profile
images.<key>.definition.path	image-profile	images.md#image-profile
images.<key>.definition.profile	image-profile	images.md#image-profile
images.<key>.capabilities	image-profile	images.md#image-profile
images.<key>.capabilities.machine-bootable	image-profile	images.md#image-profile
images.<key>.capabilities.container	image-profile	images.md#image-profile
images.<key>.capabilities.systemd	image-profile	images.md#image-profile
images.<key>.capabilities.runtime-package-management	image-profile	images.md#image-profile
images.<key>.capabilities.wsl	image-profile	images.md#image-profile
images.<key>.capabilities.installer-media	image-profile	images.md#image-profile
images.<key>.capabilities.fips-enabled	image-profile	images.md#image-profile
images.<key>.capabilities.cvm	image-profile	images.md#image-profile
images.<key>.tests	image-profile/test-profile	tests.md#test-references
images.<key>.tests.tests	image-profile/test-profile	tests.md#test-references
images.<key>.tests.tests[]	image-profile/test-profile	tests.md#test-references
images.<key>.tests.tests[].name	image-profile/test-profile	tests.md#test-references
images.<key>.tests.tests[].group	image-profile/test-profile	tests.md#test-references
images.<key>.publish	image-profile	images.md#image-profile
images.<key>.publish.channels	image-profile	images.md#image-profile
images.<key>.publish.channels[]	image-profile	images.md#image-profile
images.<key>.architectures	image-profile	images.md#image-profile
images.<key>.architectures[]	image-profile	images.md#image-profile
tools	tool-specific	compatibility.md#excluded-deferred-and-compatibility-fields
tools.imageCustomizer	tool-specific	compatibility.md#excluded-deferred-and-compatibility-fields
tools.imageCustomizer.containerTag	tool-specific	compatibility.md#excluded-deferred-and-compatibility-fields
default-component-config	core	components.md#componentconfig-fields
default-component-config.spec	core	sources.md#upstream-component-source
default-component-config.spec.type	core	sources.md#upstream-component-source
default-component-config.spec.path	core	sources.md#upstream-component-source
default-component-config.spec.upstream-distro	core	sources.md#upstream-component-source
default-component-config.spec.upstream-distro.name	core	sources.md#upstream-component-source
default-component-config.spec.upstream-distro.version	core	sources.md#upstream-component-source
default-component-config.spec.upstream-distro.snapshot	core	sources.md#upstream-component-source
default-component-config.spec.upstream-name	core	sources.md#upstream-component-source
default-component-config.spec.upstream-commit	core	sources.md#upstream-component-source
default-component-config.release	rpm-build-profile	components.md#release-calculation
default-component-config.release.calculation	rpm-build-profile	components.md#release-calculation
default-component-config.overlays	core	overlays.md#overlay-sequences-and-files
default-component-config.overlays[]	core	overlays.md#common-overlay-field-contracts
default-component-config.overlays[].type	core	overlays.md#common-overlay-field-contracts
default-component-config.overlays[].description	core	overlays.md#common-overlay-field-contracts
default-component-config.overlays[].file	core	overlays.md#common-overlay-field-contracts
default-component-config.overlays[].archive	core	overlays.md#common-overlay-field-contracts
default-component-config.overlays[].section	core	overlays.md#common-overlay-field-contracts
default-component-config.overlays[].package	core	overlays.md#common-overlay-field-contracts
default-component-config.overlays[].tag	core	overlays.md#common-overlay-field-contracts
default-component-config.overlays[].value	core	overlays.md#common-overlay-field-contracts
default-component-config.overlays[].regex	core	overlays.md#common-overlay-field-contracts
default-component-config.overlays[].replacement	core	overlays.md#common-overlay-field-contracts
default-component-config.overlays[].lines	core	overlays.md#common-overlay-field-contracts
default-component-config.overlays[].lines[]	core	overlays.md#common-overlay-field-contracts
default-component-config.overlays[].source	core	overlays.md#common-overlay-field-contracts
default-component-config.overlays[].metadata	core	overlays.md#overlay-metadata
default-component-config.overlays[].metadata.category	core	overlays.md#overlay-metadata
default-component-config.overlays[].metadata.commits	core	overlays.md#overlay-metadata
default-component-config.overlays[].metadata.commits[]	core	overlays.md#overlay-metadata
default-component-config.overlays[].metadata.commits[].url	core	overlays.md#overlay-metadata
default-component-config.overlays[].metadata.bugs	core	overlays.md#overlay-metadata
default-component-config.overlays[].metadata.bugs[]	core	overlays.md#overlay-metadata
default-component-config.overlays[].metadata.bugs[].url	core	overlays.md#overlay-metadata
default-component-config.overlays[].metadata.upstream-status	core	overlays.md#overlay-metadata
default-component-config.overlay-files	core	overlays.md#overlay-sequences-and-files
default-component-config.overlay-files[]	core	overlays.md#overlay-sequences-and-files
default-component-config.build	rpm-build-profile	build.md#build-configuration
default-component-config.build.with	rpm-build-profile	build.md#build-configuration
default-component-config.build.with[]	rpm-build-profile	build.md#build-configuration
default-component-config.build.without	rpm-build-profile	build.md#build-configuration
default-component-config.build.without[]	rpm-build-profile	build.md#build-configuration
default-component-config.build.defines	rpm-build-profile	build.md#build-configuration
default-component-config.build.defines.<key>	rpm-build-profile	build.md#build-configuration
default-component-config.build.undefines	rpm-build-profile	build.md#build-configuration
default-component-config.build.undefines[]	rpm-build-profile	build.md#build-configuration
default-component-config.build.emit-upstream-provenance	rpm-build-profile	build.md#build-configuration
default-component-config.build.check	rpm-build-profile	build.md#build-configuration
default-component-config.build.check.skip	rpm-build-profile	build.md#build-configuration
default-component-config.build.check.skip_reason	excluded/noncanonical-spelling	build.md#build-configuration
default-component-config.build.failure	excluded/deferred	build.md#build-configuration
default-component-config.build.failure.expected	excluded/deferred	build.md#build-configuration
default-component-config.build.failure.expected-reason	excluded/deferred	build.md#build-configuration
default-component-config.build.hints	excluded/deferred	build.md#build-configuration
default-component-config.build.hints.expensive	excluded/deferred	build.md#build-configuration
default-component-config.render	excluded/deferred	build.md#render-configuration-disposition
default-component-config.render.skip-file-filter	excluded/deferred	build.md#render-configuration-disposition
default-component-config.source-files	core	sources.md#source-artifact-field-contracts
default-component-config.source-files[]	core	sources.md#source-artifact-field-contracts
default-component-config.source-files[].filename	core	sources.md#source-artifact-field-contracts
default-component-config.source-files[].hash	core	sources.md#source-artifact-field-contracts
default-component-config.source-files[].hash-type	core	sources.md#source-artifact-field-contracts
default-component-config.source-files[].origin	core	sources.md#source-artifact-field-contracts
default-component-config.source-files[].origin.type	core/custom-source-generation-profile split	sources.md#source-artifact-field-contracts
default-component-config.source-files[].origin.uri	core	sources.md#source-artifact-field-contracts
default-component-config.source-files[].origin.script	custom-source-generation-profile	sources.md#source-artifact-field-contracts
default-component-config.source-files[].origin.mock-packages	custom-source-generation-profile	sources.md#source-artifact-field-contracts
default-component-config.source-files[].origin.mock-packages[]	custom-source-generation-profile	sources.md#source-artifact-field-contracts
default-component-config.source-files[].origin.inputs	custom-source-generation-profile	sources.md#source-artifact-field-contracts
default-component-config.source-files[].origin.inputs[]	custom-source-generation-profile	sources.md#source-artifact-field-contracts
default-component-config.source-files[].replace-upstream	core	sources.md#source-artifact-field-contracts
default-component-config.source-files[].replace-reason	core	sources.md#source-artifact-field-contracts
default-component-config.packages	publishing-profile	packages.md#package-inheritance-and-groups
default-component-config.packages.<key>	publishing-profile	packages.md#package-inheritance-and-groups
default-component-config.packages.<key>.publish	publishing-profile	packages.md#publish-fields
default-component-config.packages.<key>.publish.rpm-channel	publishing-profile	packages.md#publish-fields
default-component-config.packages.<key>.publish.debuginfo-channel	publishing-profile	packages.md#publish-fields
default-component-config.packages.<key>.publish.channel	deprecated/publishing-profile	packages.md#publish-fields
default-component-config.publish	publishing-profile	packages.md#publish-fields
default-component-config.publish.rpm-channel	publishing-profile	packages.md#publish-fields
default-component-config.publish.srpm-channel	publishing-profile	packages.md#publish-fields
default-component-config.publish.debuginfo-channel	publishing-profile	packages.md#publish-fields
default-component-config.tests	test-profile	tests.md#test-references
default-component-config.tests.tests	test-profile	tests.md#test-references
default-component-config.tests.tests[]	test-profile	tests.md#test-references
default-component-config.tests.tests[].name	test-profile	tests.md#test-references
default-component-config.tests.tests[].group	test-profile	tests.md#test-references
default-package-config	publishing-profile	packages.md#package-inheritance-and-groups
default-package-config.publish	publishing-profile	packages.md#publish-fields
default-package-config.publish.rpm-channel	publishing-profile	packages.md#publish-fields
default-package-config.publish.debuginfo-channel	publishing-profile	packages.md#publish-fields
default-package-config.publish.channel	deprecated/publishing-profile	packages.md#publish-fields
package-groups	publishing-profile	packages.md#package-inheritance-and-groups
package-groups.<key>	publishing-profile	packages.md#package-inheritance-and-groups
package-groups.<key>.description	publishing-profile	packages.md#package-inheritance-and-groups
package-groups.<key>.packages	publishing-profile	packages.md#package-inheritance-and-groups
package-groups.<key>.packages[]	publishing-profile	packages.md#package-inheritance-and-groups
package-groups.<key>.default-package-config	publishing-profile	packages.md#package-inheritance-and-groups
package-groups.<key>.default-package-config.publish	publishing-profile	packages.md#publish-fields
package-groups.<key>.default-package-config.publish.rpm-channel	publishing-profile	packages.md#publish-fields
package-groups.<key>.default-package-config.publish.debuginfo-channel	publishing-profile	packages.md#publish-fields
package-groups.<key>.default-package-config.publish.channel	deprecated/publishing-profile	packages.md#publish-fields
tests	test-profile	tests.md#test-definitions
tests.<key>	test-profile	tests.md#test-definitions
tests.<key>.type	test-profile	tests.md#test-definitions
tests.<key>.description	test-profile	tests.md#test-definitions
tests.<key>.kind	test-profile	tests.md#test-definitions
tests.<key>.long-running	test-profile	tests.md#test-definitions
tests.<key>.metrics-enabled	test-profile	tests.md#test-definitions
tests.<key>.required-capabilities	test-profile	tests.md#test-definitions
tests.<key>.required-capabilities[]	test-profile	tests.md#test-definitions
tests.<key>.lisa	test-profile	tests.md#test-definitions
tests.<key>.tmt	test-profile	tests.md#test-definitions
tests.<key>.pytest	test-profile	tests.md#test-definitions
test-groups	test-profile	tests.md#test-groups
test-groups.<key>	test-profile	tests.md#test-groups
test-groups.<key>.description	test-profile	tests.md#test-groups
test-groups.<key>.tests	test-profile	tests.md#test-groups
test-groups.<key>.tests[]	test-profile	tests.md#test-groups
test-groups.<key>.tests[].name	test-profile	tests.md#test-groups
