operation	family	type	description	file	archive	section	package	tag	value	regex	replacement	lines	source	metadata	anchor	fixture
spec-add-tag	spec-tag	required	optional	forbidden	forbidden	forbidden	optional	required	required	forbidden	forbidden	forbidden	forbidden	optional	overlays.md#operation-spec-add-tag	spec-add-tag-main-success
spec-insert-tag	spec-tag	required	optional	forbidden	forbidden	forbidden	optional	required	required	forbidden	forbidden	forbidden	forbidden	optional	overlays.md#operation-spec-insert-tag	spec-insert-tag-family-success
spec-set-tag	spec-tag	required	optional	forbidden	forbidden	forbidden	optional	required	required	forbidden	forbidden	forbidden	forbidden	optional	overlays.md#operation-spec-set-tag	spec-set-tag-existing-success
spec-update-tag	spec-tag	required	optional	forbidden	forbidden	forbidden	optional	required	required	forbidden	forbidden	forbidden	forbidden	optional	overlays.md#operation-spec-update-tag	spec-update-tag-success
spec-remove-tag	spec-tag	required	optional	forbidden	forbidden	forbidden	optional	required	optional	forbidden	forbidden	forbidden	forbidden	optional	overlays.md#operation-spec-remove-tag	spec-remove-tag-all-success
spec-prepend-lines	spec-lines	required	optional	forbidden	forbidden	optional	optional	forbidden	forbidden	forbidden	forbidden	required	forbidden	optional	overlays.md#operation-spec-prepend-lines	spec-prepend-lines-section-success
spec-append-lines	spec-lines	required	optional	forbidden	forbidden	optional	optional	forbidden	forbidden	forbidden	forbidden	required	forbidden	optional	overlays.md#operation-spec-append-lines	spec-append-lines-whole-success
spec-search-replace	spec-text	required	optional	forbidden	forbidden	optional	optional	forbidden	forbidden	required	optional	forbidden	forbidden	optional	overlays.md#operation-spec-search-replace	spec-search-replace-line-success
spec-remove-section	spec-structure	required	optional	forbidden	forbidden	required	optional	forbidden	forbidden	forbidden	forbidden	forbidden	forbidden	optional	overlays.md#operation-spec-remove-section	spec-remove-section-success
spec-remove-subpackage	spec-structure	required	optional	forbidden	forbidden	forbidden	required	forbidden	forbidden	forbidden	forbidden	forbidden	forbidden	optional	overlays.md#operation-spec-remove-subpackage	spec-remove-subpackage-success
patch-add	patch	required	optional	optional	forbidden	forbidden	optional	forbidden	forbidden	forbidden	forbidden	forbidden	required	optional	overlays.md#operation-patch-add	patch-add-patchlist-success
patch-remove	patch	required	optional	required	forbidden	forbidden	forbidden	forbidden	forbidden	forbidden	forbidden	forbidden	forbidden	optional	overlays.md#operation-patch-remove	patch-remove-agreement-success
file-prepend-lines	loose-file	required	optional	required	forbidden	forbidden	forbidden	forbidden	forbidden	forbidden	forbidden	required	forbidden	optional	overlays.md#operation-file-prepend-lines	file-prepend-lines-success
file-search-replace	file-text	required	optional	required	optional	forbidden	forbidden	forbidden	forbidden	required	optional	forbidden	forbidden	optional	overlays.md#operation-file-search-replace	file-search-replace-success
file-add	loose-file	required	optional	required	forbidden	forbidden	forbidden	forbidden	forbidden	forbidden	forbidden	forbidden	required	optional	overlays.md#operation-file-add	file-add-success
file-remove	loose-file	required	optional	required	optional	forbidden	forbidden	forbidden	forbidden	forbidden	forbidden	forbidden	forbidden	optional	overlays.md#operation-file-remove	file-remove-symlink-success
file-rename	loose-file	required	optional	required	forbidden	forbidden	forbidden	forbidden	forbidden	forbidden	required	forbidden	forbidden	optional	overlays.md#operation-file-rename	file-rename-success
