pattern	disposition	applicability	owner
$schema	excluded/deferred	none	compatibility.md
tools*	tool-specific	none	compatibility.md
project.log-dir	excluded/deferred	none	project.md
project.work-dir	excluded/deferred	none	project.md
project.output-dir	excluded/deferred	none	project.md
project.rendered-specs-dir	excluded/deferred	none	project.md
project.lock-dir	excluded/deferred	none	project.md
*.render*	excluded/deferred	none	build.md
*.build.failure*	excluded/deferred	none	build.md
*.build.hints*	excluded/deferred	none	build.md
*.build.check.skip_reason	excluded/noncanonical-spelling	none	build.md
*.publish.channel	deprecated/publishing-profile	publish-packages	packages.md
*.source-files[].origin.type	core/custom-source-generation-profile split	core-processing|custom-source-generate	sources.md
*.source-files[].origin.script	custom-source-generation-profile	custom-source-generate	sources.md
*.source-files[].origin.mock-packages*	custom-source-generation-profile	custom-source-generate	sources.md
*.source-files[].origin.inputs*	custom-source-generation-profile	custom-source-generate	sources.md
tests.<key>.lisa.test-cases*	excluded/noncanonical-spelling	none	compatibility.md
tests.<key>.lisa.test-suites*	excluded/noncanonical-spelling	none	compatibility.md
tests.<key>.lisa.framework*	excluded/noncanonical-spelling	none	compatibility.md
resources*	rpm-build-profile/image-profile	rpm-build|image-build	resources.md
distros.<key>.versions.<key>.inputs.rpm-build*	rpm-build-profile	rpm-build	resources.md
distros.<key>.versions.<key>.inputs.image-build*	image-profile	image-build	resources.md
distros.<key>.versions.<key>.inputs	rpm-build-profile/image-profile	rpm-build|image-build	resources.md
distros.<key>.repos*	rpm-build-profile	rpm-build	resources.md
distros.<key>.versions.<key>.mock-config*	rpm-build-profile	rpm-build	distros.md
distros.<key>.versions.<key>.kiwi-config-override	image-profile	image-build	images.md
images.<key>.publish*	image-profile	publish-image	images.md
images.<key>.tests*	image-profile/test-profile	image-build|test	tests.md
images*	image-profile	image-build	images.md
tests*	test-profile	test	tests.md
test-groups*	test-profile	test	tests.md
*.tests*	test-profile	test	tests.md
default-package-config*	publishing-profile	publish-packages	packages.md
package-groups*	publishing-profile	publish-packages	packages.md
*.packages*	publishing-profile	publish-packages	packages.md
*.publish*	publishing-profile	publish-packages	packages.md
*.build*	rpm-build-profile	rpm-build	build.md
default-component-config.release*	rpm-build-profile	rpm-build	components.md
components.<key>.release*	rpm-build-profile	rpm-build	components.md
distros.<key>.versions.<key>.default-component-config.release*	rpm-build-profile	rpm-build	components.md
component-groups.<key>.default-component-config.release*	rpm-build-profile	rpm-build	components.md
*	core	core-processing	various
